{"themes": {"pastel": {"icon": "/_design/img/upload/charts/types/area-chart.svg", "name": "Pastel", "desc": "Pastel Theme. Light background and pastel colors."}, "coffee": {"icon": "/_design/img/upload/charts/types/area-chart.svg", "name": "Coffee", "desc": "Coffee Theme. Dimmed brown and brownish colors."}, "light_glamour": {"icon": "/_design/img/upload/charts/types/area-chart.svg", "name": "Light Glamour", "desc": "Light Glamour Theme. Light backgrounds and vibrant pink and magenta."}, "wines": {"icon": "/_design/img/upload/charts/types/area-chart.svg", "name": "Wines", "desc": "Wines Theme. Dark background and lively colors."}, "light_provence": {"icon": "/_design/img/upload/charts/types/area-chart.svg", "name": "Light Provence", "desc": "Light Provence Theme. Light backgrounds and soft colors."}, "dark_earth": {"icon": "/_design/img/upload/charts/types/area-chart.svg", "name": "Dark Earth", "desc": "Dark Earth Theme. Dimmed green and orange colors."}, "dark_provence": {"icon": "/_design/img/upload/charts/types/area-chart.svg", "name": "Dark Provence", "desc": "Dark Provence Theme. Dark backgrounds and soft colors."}, "light_turquoise": {"icon": "/_design/img/upload/charts/types/area-chart.svg", "name": "Light Turquoise", "desc": "Light Turquoise Theme. Light backgrounds and and soft turquoise colors."}, "light_blue": {"icon": "/_design/img/upload/charts/types/area-chart.svg", "name": "Light Blue", "desc": "Light Blue Theme. "}, "light_earth": {"icon": "/_design/img/upload/charts/types/area-chart.svg", "name": "Light Earth", "desc": "Light Earth Theme. Dimmed light blue and blueish colors."}, "dark_turquoise": {"icon": "/_design/img/upload/charts/types/area-chart.svg", "name": "Dark Turquoise", "desc": "Dark Turquoise Theme. Dark backgrounds and and soft turquoise colors."}, "sea": {"icon": "/_design/img/upload/charts/types/area-chart.svg", "name": "Sea", "desc": "Sea Theme. Light background and thalassian palette."}, "monochrome": {"icon": "/_design/img/upload/charts/types/area-chart.svg", "name": "Monochrome", "desc": "Monochrome Theme. Light background and grayish colors."}, "dark_glamour": {"icon": "/_design/img/upload/charts/types/area-chart.svg", "name": "Dark Glamour", "desc": "Dark Glamour Theme. Dark backgrounds and vibrant pink and magenta."}, "morning": {"icon": "/_design/img/upload/charts/types/area-chart.svg", "name": "Morning", "desc": "Morning Theme. Light background and vivid colors."}, "dark_blue": {"icon": "/_design/img/upload/charts/types/area-chart.svg", "name": "Dark Blue", "desc": "Dark Blue Theme. Dimmed blue and blueish colors."}}, "geodata": {"custom": {"world_source": {"name": "World Source"}, "world": {"name": "World"}, "russia": {"name": "Russia"}}, "usa_states": {"wyoming": {"name": "Wyoming"}, "colorado": {"name": "Colorado"}, "washington": {"name": "Washington"}, "north_dakota": {"name": "North Dakota"}, "hawaii": {"name": "Hawaii"}, "tennessee": {"name": "Tennessee"}, "wisconsin": {"name": "Wisconsin"}, "nevada": {"name": "Nevada"}, "maine": {"name": "Maine"}, "mississippi": {"name": "Mississippi"}, "oklahoma": {"name": "Oklahoma"}, "delaware": {"name": "Delaware"}, "minnesota": {"name": "Minnesota"}, "illinois": {"name": "Illinois"}, "west_virginia": {"name": "West Virginia"}, "south_carolina": {"name": "South Carolina"}, "arkansas": {"name": "Arkansas"}, "north_carolina": {"name": "North Carolina"}, "indiana": {"name": "Indiana"}, "maryland": {"name": "Maryland"}, "louisiana": {"name": "Louisiana"}, "idaho": {"name": "Idaho"}, "arizona": {"name": "Arizona"}, "iowa": {"name": "Iowa"}, "michigan": {"name": "Michigan"}, "kansas": {"name": "Kansas"}, "utah": {"name": "Utah"}, "virginia": {"name": "Virginia"}, "oregon": {"name": "Oregon"}, "new_jersey": {"name": "New Jersey"}, "connecticut": {"name": "Connecticut"}, "montana": {"name": "Montana"}, "california": {"name": "California"}, "massachusetts": {"name": "Massachusetts"}, "new_hampshire": {"name": "New Hampshire"}, "new_york": {"name": "New York"}, "vermont": {"name": "Vermont"}, "georgia": {"name": "Georgia"}, "pennsylvania": {"name": "Pennsylvania"}, "florida": {"name": "Florida"}, "alaska": {"name": "Alaska"}, "kentucky": {"name": "Kentucky"}, "rhode_island": {"name": "Rhode Island"}, "nebraska": {"name": "Nebraska"}, "texas": {"name": "Texas"}, "new_mexico": {"name": "New Mexico"}, "missouri": {"name": "Missouri"}, "south_dakota": {"name": "South Dakota"}, "ohio": {"name": "Ohio"}, "alabama": {"name": "Alabama"}}, "china_areas": {"beijing": {"name": "Beijing"}, "shandong": {"name": "Shandong"}, "hunan": {"name": "Hunan"}, "guangxi": {"name": "Guangxi"}, "qinghai": {"name": "Qinghai"}, "jiangsu": {"name": "Jiangsu"}, "ningxia": {"name": "Ningxia"}, "sichuan": {"name": "Sichuan"}, "liaoning": {"name": "Liaoning"}, "guangdong": {"name": "Guangdong"}, "jilin": {"name": "Jilin"}, "shanxi": {"name": "Shanxi"}, "anhui": {"name": "Anhui"}, "tianjin": {"name": "Tianjin"}, "shanghai": {"name": "Shanghai"}, "inner_mongol": {"name": "Inner Mongol"}, "xizang": {"name": "Xizang"}, "gansu": {"name": "Gansu"}, "hebei": {"name": "Hebei"}, "hainan": {"name": "Hainan"}, "tibet": {"name": "Tibet"}, "yunnan": {"name": "Yunnan"}, "hubei": {"name": "Hubei"}, "zhejiang": {"name": "Zhejiang"}, "heilongjiang": {"name": "Heilongjiang"}, "chongqing": {"name": "Chongqing"}, "shaanxi": {"name": "Shaanxi"}, "henan": {"name": "Henan"}, "guizhou": {"name": "Guizhou"}, "fujian": {"name": "Fujian"}, "jiangxi": {"name": "Jiangxi"}}, "canada_states": {"british_columbia": {"name": "British Columbia"}, "ontario": {"name": "Ontario"}, "prince_edward_island": {"name": "Prince Edward Island"}, "nova_scotia": {"name": "Nova Scotia"}, "northwest_territories": {"name": "Northwest Territories"}, "nunavut": {"name": "Nunavut"}, "saskatchewan": {"name": "Saskatchewan"}, "alberta": {"name": "Alberta"}, "manitoba": {"name": "Manitoba"}, "yukon": {"name": "Yukon"}, "new_brunswick": {"name": "New Brunswick"}, "newfoundland_and_labrador": {"name": "Newfoundland And Labrador"}, "quebec": {"name": "Quebec"}}, "countries": {"samoa": {"name": "Samoa"}, "japan": {"name": "Japan"}, "azerbaijan": {"name": "Azerbaijan"}, "uzbekistan": {"name": "Uzbekistan"}, "north_korea": {"name": "North Korea"}, "djibouti": {"name": "Djibouti"}, "malta": {"name": "Malta"}, "hungary": {"name": "Hungary"}, "taiwan": {"name": "Taiwan"}, "cyprus": {"name": "Cyprus"}, "barbados": {"name": "Barbados"}, "bhutan": {"name": "Bhutan"}, "ivory_coast": {"name": "Ivory Coast"}, "saint_pierre_and_miquelon": {"name": "Saint Pierre And Miquelon"}, "lithuania": {"name": "Lithuania"}, "mongolia": {"name": "Mongolia"}, "andorra": {"name": "Andorra"}, "tunisia": {"name": "Tunisia"}, "rwanda": {"name": "Rwanda"}, "united_republic_of_tanzania": {"name": "United Republic Of Tanzania"}, "argentina": {"name": "Argentina"}, "aland": {"name": "Aland"}, "ghana": {"name": "Ghana"}, "australia": {"name": "Australia"}, "cuba": {"name": "Cuba"}, "saint_vincent_and_the_grenadines": {"name": "Saint Vincent And The Grenadines"}, "anguilla": {"name": "Anguilla"}, "zambia": {"name": "Zambia"}, "bosnia_and_herzegovina": {"name": "Bosnia And Herzegovina"}, "guatemala": {"name": "Guatemala"}, "zimbabwe": {"name": "Zimbabwe"}, "belgium": {"name": "Belgium"}, "haiti": {"name": "Haiti"}, "kazakhstan": {"name": "Kazakhstan"}, "liberia": {"name": "Liberia"}, "kyrgyzstan": {"name": "Kyrgyzstan"}, "suriname": {"name": "Suriname"}, "sierra_leone": {"name": "Sierra Leone"}, "denmark": {"name": "Denmark"}, "philippines": {"name": "Philippines"}, "montserrat": {"name": "Montserrat"}, "senegal": {"name": "Senegal"}, "moldova": {"name": "Moldova"}, "latvia": {"name": "Latvia"}, "croatia": {"name": "Croatia"}, "papua_new_guinea": {"name": "Papua New Guinea"}, "switzerland": {"name": "Switzerland"}, "bulgaria": {"name": "Bulgaria"}, "jamaica": {"name": "Jamaica"}, "albania": {"name": "Albania"}, "angola": {"name": "Angola"}, "brunei": {"name": "Brunei"}, "lebanon": {"name": "Lebanon"}, "the_bahamas": {"name": "The Bahamas"}, "malaysia": {"name": "Malaysia"}, "mozambique": {"name": "Mozambique"}, "greece": {"name": "Greece"}, "nicaragua": {"name": "Nicaragua"}, "canada": {"name": "Canada"}, "afghanistan": {"name": "Afghanistan"}, "qatar": {"name": "Qatar"}, "peru": {"name": "Peru"}, "turkmenistan": {"name": "Turkmenistan"}, "trinidad_and_tobago": {"name": "Trinidad And Tobago"}, "sudan": {"name": "Sudan"}, "guinea": {"name": "Guinea"}, "panama": {"name": "Panama"}, "nepal": {"name": "Nepal"}, "luxembourg": {"name": "Luxembourg"}, "swaziland": {"name": "Swaziland"}, "somalia": {"name": "Somalia"}, "united_arab_emirates": {"name": "United Arab Emirates"}, "namibia": {"name": "Namibia"}, "nauru": {"name": "Nauru"}, "venezuela": {"name": "Venezuela"}, "central_african_republic": {"name": "Central African Republic"}, "iran": {"name": "Iran"}, "dominican_republic": {"name": "Dominican Republic"}, "mali": {"name": "Mali"}, "paraguay": {"name": "Paraguay"}, "united_states_of_america": {"name": "United States Of America"}, "china": {"name": "China"}, "armenia": {"name": "Armenia"}, "thailand": {"name": "Thailand"}, "iraq": {"name": "Iraq"}, "south_korea": {"name": "South Korea"}, "ukraine": {"name": "Ukraine"}, "saint_lucia": {"name": "Saint Lucia"}, "libya": {"name": "Libya"}, "south_africa": {"name": "South Africa"}, "gambia": {"name": "Gambia"}, "finland": {"name": "Finland"}, "macedonia": {"name": "Macedonia"}, "el_salvador": {"name": "El Salvador"}, "hong_kong_s.a.r.": {"name": "Hong Kong S.a.r."}, "estonia": {"name": "Estonia"}, "syria": {"name": "Syria"}, "pakistan": {"name": "Pakistan"}, "romania": {"name": "Romania"}, "myanmar": {"name": "Myanmar"}, "egypt": {"name": "Egypt"}, "austria": {"name": "Austria"}, "greenland": {"name": "Greenland"}, "guinea_bissau": {"name": "Guinea Bissau"}, "colombia": {"name": "Colombia"}, "honduras": {"name": "Honduras"}, "niger": {"name": "Niger"}, "turkey": {"name": "Turkey"}, "madagascar": {"name": "Madagascar"}, "belize": {"name": "Belize"}, "bangladesh": {"name": "Bangladesh"}, "democratic_republic_of_the_congo": {"name": "Democratic Republic Of The Congo"}, "uruguay": {"name": "Uruguay"}, "france": {"name": "France"}, "solomon_islands": {"name": "Solomon Islands"}, "slovakia": {"name": "Slovakia"}, "ireland": {"name": "Ireland"}, "laos": {"name": "Laos"}, "costa_rica": {"name": "Costa Rica"}, "bolivia": {"name": "Bolivia"}, "united_kingdom": {"name": "United Kingdom"}, "malawi": {"name": "Malawi"}, "ecuador": {"name": "Ecuador"}, "israel": {"name": "Israel"}, "san_marino": {"name": "San Marino"}, "east_timor": {"name": "East Timor"}, "algeria": {"name": "Algeria"}, "s._sudan": {"name": "S. Sudan"}, "montenegro": {"name": "Montenegro"}, "tajikistan": {"name": "Tajikistan"}, "togo": {"name": "Togo"}, "jordan": {"name": "Jordan"}, "chile": {"name": "Chile"}, "oman": {"name": "Oman"}, "nigeria": {"name": "Nigeria"}, "spain": {"name": "Spain"}, "georgia": {"name": "Georgia"}, "burkina_faso": {"name": "Burkina Faso"}, "morocco": {"name": "Morocco"}, "sweden": {"name": "Sweden"}, "gabon": {"name": "Gabon"}, "saudi_arabia": {"name": "Saudi Arabia"}, "guyana": {"name": "Guyana"}, "yemen": {"name": "Yemen"}, "new_caledonia": {"name": "New Caledonia"}, "chad": {"name": "Chad"}, "mexico": {"name": "Mexico"}, "india": {"name": "India"}, "lesotho": {"name": "Lesotho"}, "republic_of_serbia": {"name": "Republic Of Serbia"}, "belarus": {"name": "Belarus"}, "uganda": {"name": "Uganda"}, "burundi": {"name": "Burundi"}, "kenya": {"name": "Kenya"}, "czech_republic": {"name": "Czech Republic"}, "botswana": {"name": "Botswana"}, "united_states_virgin_islands": {"name": "United States Virgin Islands"}, "italy": {"name": "Italy"}, "turks_and_caicos_islands": {"name": "Turks And Caicos Islands"}, "cambodia": {"name": "Cambodia"}, "ethiopia": {"name": "Ethiopia"}, "bermuda": {"name": "Bermuda"}, "vanuatu": {"name": "Vanuatu"}, "cameroon": {"name": "Cameroon"}, "benin": {"name": "Benin"}, "brazil": {"name": "Brazil"}, "saint_kitts_and_nevis": {"name": "Saint Kitts And Nevis"}, "republic_of_the_congo": {"name": "Republic Of The Congo"}, "singapore": {"name": "Singapore"}, "iceland": {"name": "Iceland"}, "slovenia": {"name": "Slovenia"}, "mauritania": {"name": "Mauritania"}, "germany": {"name": "Germany"}, "dominica": {"name": "Dominica"}, "eritrea": {"name": "Eritrea"}, "poland": {"name": "Poland"}, "indonesia": {"name": "Indonesia"}, "liechtenstein": {"name": "Liechtenstein"}, "vietnam": {"name": "Vietnam"}, "kuwait": {"name": "Kuwait"}, "sri_lanka": {"name": "Sri Lanka"}}}, "parts": {"gantt-part": {"deps": ["core", "tree-data", "gantt-base"]}, "tree-data": {"deps": ["core"]}, "heatmap-part": {"deps": ["core", "color-scales"]}, "binding": {"deps": ["core"]}, "pie": {"deps": ["core"]}, "mekko": {"deps": ["core", "cartesian"]}, "theme-pyramid-funnel": {"deps": ["core", "theme-core"]}, "map-part": {"deps": ["core", "color-scales"]}, "theme-pert": {"deps": ["core", "theme-core"]}, "vml": {"deps": ["core"]}, "radar-polar-base": {"deps": ["core", "cartesian"]}, "theme-linear-gauge": {"deps": ["core", "theme-core"]}, "theme-core": {"deps": ["core"]}, "venn": {"deps": ["core"]}, "table": {"deps": ["core"]}, "pareto": {"deps": ["core", "cartesian"]}, "theme-waterfall": {"deps": ["core", "theme-core"]}, "theme-pie": {"deps": ["core", "theme-core"]}, "theme-cartesian-3d": {"deps": ["core", "theme-core"]}, "theme-heatmap": {"deps": ["core", "theme-core"]}, "cartesian": {"deps": ["core"]}, "theme-bullet": {"deps": ["core", "theme-core"]}, "theme-color-scales": {"deps": ["core", "theme-core"]}, "circular-gauge": {"deps": ["core"]}, "sparkline": {"deps": ["core"]}, "data-adapter": {"deps": ["core", "exports"]}, "pyramid-funnel": {"deps": ["core"]}, "theme-sunburst": {"deps": ["core", "theme-core"]}, "pert": {"deps": ["core", "tree-data"]}, "theme-pareto": {"deps": ["core", "theme-core"]}, "theme-scatter": {"deps": ["core", "theme-core"]}, "sunburst": {"deps": ["core"]}, "annotations": {"deps": ["core"]}, "stock": {"deps": ["core", "color-scales"]}, "core": {"deps": []}, "exports": {"deps": ["core"]}, "theme-map": {"deps": ["core", "theme-core"]}, "theme-mekko": {"deps": ["core", "theme-core"]}, "theme-resource": {"deps": ["core", "theme-core"]}, "theme-polar": {"deps": ["core", "theme-core"]}, "theme-circular-gauge": {"deps": ["core", "theme-core"]}, "theme-venn": {"deps": ["core", "theme-core"]}, "polar-part": {"deps": ["core", "radar-polar-base"]}, "waterfall": {"deps": ["core", "cartesian"]}, "gantt-base": {"deps": ["core"]}, "theme-annotations": {"deps": ["core", "theme-core"]}, "radar-part": {"deps": ["core", "radar-polar-base"]}, "resource": {"deps": ["core", "gantt-base"]}, "bullet": {"deps": ["core"]}, "theme-cartesian": {"deps": ["core", "theme-core"]}, "linear-gauge-part": {"deps": ["core", "color-scales"]}, "theme-tag-cloud": {"deps": ["core", "theme-core"]}, "treemap-part": {"deps": ["core", "tree-data", "color-scales"]}, "theme-sparkline": {"deps": ["core", "theme-core"]}, "theme-gantt": {"deps": ["core", "theme-core"]}, "color-scales": {"deps": ["core"]}, "ui": {"deps": ["core"]}, "theme-radar": {"deps": ["core", "theme-core"]}, "cartesian-3d": {"deps": ["core", "cartesian"]}, "theme-stock": {"deps": ["core", "theme-core"]}, "tag-cloud-part": {"deps": ["core", "color-scales"]}, "scatter": {"deps": ["core", "cartesian"]}, "theme-treemap": {"deps": ["core", "theme-core"]}}, "modules": {"anychart-mekko": {"size": 3, "name": "Mekko Charts", "docs": "https://docs.anychart.com/Basic_Charts/Marimekko_Chart/Mekko_Chart", "parts": ["mekko", "theme-mekko"], "icon": "/_design/img/upload/charts/types/mosaic-chart.svg", "type": "chart-type", "desc": "Mekko charts module."}, "anychart-venn": {"size": 11, "name": "Venn Diagram", "docs": "https://docs.anychart.com/Basic_Charts/Venn_Diagram", "parts": ["venn", "theme-venn"], "icon": "/_design/img/upload/charts/types/venn-diagram.svg", "type": "chart-type", "desc": "Venn diagram module."}, "anychart-sparkline": {"size": 9, "name": "Sparkline Charts", "docs": "https://docs.anychart.com/Basic_Charts/Sparkline_Chart", "parts": ["sparkline", "theme-sparkline"], "icon": "/_design/img/upload/charts/types/sparkline-chart-1.svg", "type": "chart-type", "desc": "Sparkline charts module."}, "anychart-gantt": {"size": 51, "name": "Gantt Charts", "docs": "https://docs.anychart.com/Gantt_Chart/", "parts": ["tree-data", "gantt-base", "gantt-part", "theme-gantt"], "icon": "/_design/img/upload/charts/types/gantt-chart.svg", "type": "chart-type", "desc": "Gantt and gantt resource charts module."}, "anychart-circular-gauge": {"size": 15, "name": "Circular Gauges", "docs": "https://docs.anychart.com/Gauges/Circular_Gauge", "parts": ["circular-gauge", "theme-circular-gauge"], "icon": "/_design/img/upload/charts/types/circular-gauge.svg", "type": "chart-type", "desc": "Circular gauges module."}, "anychart-treemap": {"size": 11, "name": "Treemap", "docs": "https://docs.anychart.com/Basic_Charts/Treemap_Chart", "parts": ["tree-data", "color-scales", "theme-color-scales", "treemap-part", "theme-treemap"], "icon": "/_design/img/upload/charts/types/treemap-chart.svg", "type": "chart-type", "desc": "Treemap charts module."}, "anychart-ui-binding": {"size": 2, "name": "UI Binding", "docs": "", "parts": ["binding"], "icon": "/_design/img/upload/charts/types/area-chart.svg", "type": "feature", "desc": "UI Binding module is a set of utilities to bind HTML5 UI elements to chart settings."}, "anychart-linear-gauge": {"size": 17, "name": "Linear Gauges", "docs": "https://docs.anychart.com/Gauges/Linear_Gauge", "parts": ["color-scales", "theme-color-scales", "linear-gauge-part", "theme-linear-gauge"], "icon": "/_design/img/upload/charts/types/vertical-gauge-1.svg", "type": "chart-type", "desc": "Linear gauges module."}, "anychart-pareto": {"size": 3, "name": "Pareto Chart", "docs": "https://docs.anychart.com/Basic_Charts/Pareto_Chart", "parts": ["pareto", "theme-pareto"], "icon": "/_design/img/upload/charts/types/pareto-chart.svg", "type": "chart-type", "desc": "Pareto chart module."}, "anychart-bullet": {"size": 4, "name": "Bullet Charts", "docs": "https://docs.anychart.com/Basic_Charts/Bullet_Chart", "parts": ["bullet", "theme-bullet"], "icon": "/_design/img/upload/charts/types/bullet-chart.svg", "type": "chart-type", "desc": "Bullet charts module."}, "anychart-cartesian": {"size": 7, "name": "Basic Cartesian Charts", "docs": "", "parts": ["color-scales", "theme-color-scales", "cartesian", "theme-cartesian"], "icon": "/_design/img/upload/charts/types/area-chart.svg", "type": "chart-type", "desc": "Basic cartesian charts (Bar, Line, Column, etc.) module."}, "anychart-base": {"name": "AnyChart Base", "docs": "https://docs.anychart.com/Quick_Start/Modules#base", "parts": ["core", "theme-core", "pie", "theme-pie", "cartesian", "theme-cartesian", "scatter", "theme-scatter"], "desc": "AnyChart Base is a handy module that contains: Core, Pie/Donut, Basic cartesian charts and Scatter", "type": "bundle", "size": 270}, "anychart-pert": {"size": 10, "name": "PERT Chart", "docs": "https://docs.anychart.com/PERT_Chart/", "parts": ["tree-data", "pert", "theme-pert"], "icon": "/_design/img/upload/charts/types/pert-chart.svg", "type": "chart-type", "desc": "PERT chart module."}, "anychart-radar": {"size": 11, "name": "Radar Charts", "docs": "https://docs.anychart.com/Basic_Charts/Radar_Plot/", "parts": ["radar-polar-base", "radar-part", "theme-radar"], "icon": "/_design/img/upload/charts/types/radar-chart-1.svg", "type": "chart-type", "desc": "Radar charts module."}, "anychart-data-adapter": {"size": 1, "name": "Data Adapter", "docs": "https://docs.anychart.com/Working_with_Data/Data_Adapter/", "parts": ["data-adapter"], "icon": "/_design/img/upload/charts/types/area-chart.svg", "type": "feature", "desc": "AnyChart data adapter module."}, "anychart-map": {"size": 57, "name": "Geo Maps", "docs": "https://docs.anychart.com/Maps/", "parts": ["color-scales", "theme-color-scales", "map-part", "theme-map"], "icon": "/_design/img/upload/charts/types/choropleth-map.svg", "type": "chart-type", "desc": "Geo Maps chart module. Does not contain map geo data, only engine."}, "anychart-polar": {"size": 15, "name": "Polar Charts", "docs": "https://docs.anychart.com/Basic_Charts/Polar_Plot/", "parts": ["radar-polar-base", "polar-part", "theme-polar"], "icon": "/_design/img/upload/charts/types/polar-polyline-chart.svg", "type": "chart-type", "desc": "Polar charts module."}, "anychart-default-theme": {"parts": ["theme-core", "theme-annotations", "theme-bullet", "theme-cartesian", "theme-cartesian-3d", "theme-circular-gauge", "theme-gantt", "theme-heatmap", "theme-linear-gauge", "theme-map", "theme-mekko", "theme-pareto", "theme-pert", "theme-pie", "theme-polar", "theme-pyramid-funnel", "theme-radar", "theme-resource", "theme-scatter", "theme-sparkline", "theme-stock", "theme-tag-cloud", "theme-treemap", "theme-venn", "theme-waterfall"], "type": "internal", "size": 16}, "anychart-cartesian-3d": {"size": 6, "name": "Basic 3D Cartesian Charts", "docs": "https://docs.anychart.com/Basic_Charts/3D/", "parts": ["cartesian-3d", "theme-cartesian-3d"], "icon": "/_design/img/upload/charts/types/area-chart.svg", "type": "chart-type", "desc": "Basic 3D cartesian charts module."}, "anychart-exports": {"size": 12, "name": "Exports", "docs": "https://docs.anychart.com/Common_Settings/Exports", "parts": ["exports"], "icon": "/_design/img/upload/charts/types/area-chart.svg", "type": "feature", "desc": "Export to CSV, Excel, PNG, JPG and PDF module."}, "anychart-pyramid-funnel": {"size": 9, "name": "Pyramid and Funnel Charts", "docs": "", "parts": ["pyramid-funnel", "theme-pyramid-funnel"], "icon": "/_design/img/upload/charts/types/funnel-chart.svg", "type": "chart-type", "desc": "Pyramid and funnel charts module."}, "anychart-resource": {"size": 25, "name": "Resource Chart", "docs": "https://docs.anychart.com/beta/Resource_Chart", "parts": ["gantt-base", "resource", "theme-resource"], "icon": "/_design/img/upload/charts/types/area-chart.svg", "type": "chart-type", "desc": "Resource chart module."}, "anychart-waterfall": {"size": 3, "name": "Waterfall Chart", "docs": "https://docs.anychart.com/Basic_Charts/Waterfall_Chart", "parts": ["waterfall", "theme-waterfall"], "icon": "/_design/img/upload/charts/types/waterfall-chart.svg", "type": "chart-type", "desc": "Waterfall charts module."}, "anychart-ui": {"size": 21, "name": "Common UI", "docs": "", "parts": ["ui"], "icon": "/_design/img/upload/charts/types/area-chart.svg", "type": "feature", "desc": "Context menu, range picker, range selector and preloader module."}, "anychart-heatmap": {"size": 10, "name": "Heatmap Chart", "docs": "https://docs.anychart.com/Basic_Charts/Heat_Map_Chart", "parts": ["color-scales", "theme-color-scales", "heatmap-part", "theme-heatmap"], "icon": "/_design/img/upload/charts/types/heatmap-chart.svg", "type": "chart-type", "desc": "Heatmap \u0441hart module."}, "anychart-scatter": {"size": 8, "name": "Scatter Cartesian Charts", "docs": "https://docs.anychart.com/Basic_Charts/Scatter_Plot/", "parts": ["color-scales", "theme-color-scales", "cartesian", "theme-cartesian", "scatter", "theme-scatter"], "icon": "/_design/img/upload/charts/types/dot-marker-chart.svg", "type": "chart-type", "desc": "Scatter cartesian charts module."}, "anychart-core": {"name": "AnyChart Core Module", "docs": "https://docs.anychart.com/Quick_Start/Modules#core", "parts": ["core", "theme-core"], "desc": "AnyChart Core is the core of engine, it is needed whenever you use any module (except Bundle and Base).", "type": "core", "size": 252}, "anychart-table": {"size": 7, "name": "Table UI", "docs": "", "parts": ["table"], "icon": "/_design/img/upload/charts/types/area-chart.svg", "type": "feature", "desc": "AnyChart table UI element."}, "anychart-vml": {"size": 8, "name": "VML Renderer", "docs": "", "parts": ["vml"], "icon": "/_design/img/upload/charts/types/area-chart.svg", "type": "feature", "desc": "Module that enables VML support for old browsers."}, "anychart-annotations": {"size": 14, "name": "Drawing Annotations", "docs": "https://docs.anychart.com/Stock_Charts/Drawing_Tools_and_Annotations/", "parts": ["annotations", "theme-annotations"], "icon": "/products/anystock/history/images/stock_drawing_tools.svg", "type": "feature", "desc": "Drawings and annotations module."}, "anychart-sunburst": {"size": 10, "name": "Sunburst", "docs": "https://docs.anychart.com/Basic_Charts/Sunburst_Chart", "parts": ["tree-data", "sunburst", "theme-sunburst"], "icon": "/_design/img/upload/charts/types/sunburst-chart.svg", "type": "chart-type", "desc": "Sunburst charts module."}, "anychart-tag-cloud": {"size": 12, "name": "Tag Cloud", "docs": "https://docs.anychart.com/Basic_Charts/Tag_Cloud", "parts": ["color-scales", "theme-color-scales", "tag-cloud-part", "theme-tag-cloud"], "icon": "/_design/img/upload/charts/types/tag-cloud.svg", "type": "chart-type", "desc": "Tag cloud (word Cloud) chart module."}, "anychart-bundle": {"docs": "https://docs.anychart.com/Quick_Start/Modules#bundle", "parts": ["core", "tree-data", "gantt-base", "gantt-part", "theme-core", "theme-tag-cloud", "color-scales", "heatmap-part", "binding", "pie", "cartesian", "mekko", "map-part", "theme-pert", "vml", "theme-map", "venn", "table", "pareto", "theme-waterfall", "theme-venn", "theme-pie", "theme-cartesian-3d", "theme-heatmap", "theme-bullet", "theme-color-scales", "circular-gauge", "sparkline", "exports", "data-adapter", "pyramid-funnel", "theme-sunburst", "pert", "theme-pareto", "theme-scatter", "sunburst", "annotations", "stock", "radar-polar-base", "theme-mekko", "theme-radar", "theme-resource", "theme-polar", "theme-cartesian", "polar-part", "waterfall", "theme-annotations", "radar-part", "resource", "bullet", "tag-cloud-part", "theme-sparkline", "theme-linear-gauge", "treemap-part", "theme-pyramid-funnel", "theme-gantt", "ui", "theme-circular-gauge", "cartesian-3d", "theme-stock", "linear-gauge-part", "scatter", "theme-treemap"], "type": "bundle", "name": "AnyChart Bundle", "desc": "AnyChart Bundle module"}, "anychart-pie": {"size": 15, "name": "Pie and Donut Charts", "docs": "https://docs.anychart.com/Basic_Charts/Pie_Chart", "parts": ["pie", "theme-pie"], "icon": "/_design/img/upload/charts/types/pie-chart.svg", "type": "chart-type", "desc": "Pie and donut charts module."}, "anychart-stock": {"size": 62, "name": "Stock Charts", "docs": "https://docs.anychart.com/Stock_Charts/", "parts": ["color-scales", "theme-color-scales", "stock", "theme-stock"], "icon": "/_design/img/upload/charts/types/stock-chart.svg", "type": "chart-type", "desc": "Stock charts module."}}, "locales": {"sl-si": {"eng-name": "Slovenian (Slovenia)", "native-name": "slovenski (Slovenija)"}, "uk-ua": {"eng-name": "Ukrainian (Ukraine)", "native-name": "\u0443\u043a\u0440\u0430\u0457\u043d\u044c\u0441\u043a\u0430 (\u0423\u043a\u0440\u0430\u0457\u043d\u0430)"}, "bn-in": {"eng-name": "Bangla (India)", "native-name": "\u09ac\u09be\u0982\u09b2\u09be (\u09ad\u09be\u09b0\u09a4)"}, "ro-ro": {"eng-name": "Romanian (Romania)", "native-name": "rom\u00e2n\u0103 (Rom\u00e2nia)"}, "sr-latn-me": {"eng-name": "Serbian (Latin) (Montenegro)", "native-name": "srpski (Crna Gora)"}, "pl-pl": {"eng-name": "Polish (Poland)", "native-name": "polski (Polska)"}, "en-nz": {"eng-name": "English (New Zealand)", "native-name": "English (New Zealand)"}, "pt-br": {"eng-name": "Portuguese (Brazil)", "native-name": "Portugu\u00eas (Brasil)"}, "sv-se": {"eng-name": "Swedish (Sweden)", "native-name": "svenska (Sverige)"}, "ro-md": {"eng-name": "Romanian (Moldova)", "native-name": "rom\u00e2n\u0103 (Republica Moldova)"}, "sr-latn-ba": {"eng-name": "Serbian (Latin) (Bosnia and Herzegovina)", "native-name": "srpski (Bosna i Hercegovina)"}, "es-ar": {"eng-name": "Spanish (Argentina)", "native-name": "Espa\u00f1ol (Argentina)"}, "en-bz": {"eng-name": "English (Belize)", "native-name": "English (Belize)"}, "hi-in": {"eng-name": "Hindi (India)", "native-name": "\u0939\u093f\u0902\u0926\u0940 (\u092d\u093e\u0930\u0924)"}, "en-au": {"eng-name": "English (Australia)", "native-name": "English (Australia)"}, "sq-al": {"eng-name": "Albanian (Albania)", "native-name": "shqipe (Shqip\u00ebria)"}, "fy-nl": {"eng-name": "Frisian (Netherlands)", "native-name": "Frysk (Nederl\u00e2n)"}, "ca-es-valencia": {"eng-name": "Valencian (Spain)", "native-name": "valenci\u00e0 (Espanya)"}, "sw-ke": {"eng-name": "Kiswahili (Kenya)", "native-name": "Kiswahili (Kenya)"}, "ps-af": {"eng-name": "Pashto (Afghanistan)", "native-name": "\u067e\u069a\u062a\u0648 (\u0627\u0641\u063a\u0627\u0646\u0633\u062a\u0627\u0646)"}, "en-in": {"eng-name": "English (India)", "native-name": "English (India)"}, "en-ph": {"eng-name": "English (Republic of the Philippines)", "native-name": "English (Philippines)"}, "br-fr": {"eng-name": "Breton (France)", "native-name": "brezhoneg (Fra\u00f1s)"}, "en-ie": {"eng-name": "English (Ireland)", "native-name": "English (Eire)"}, "it-it": {"eng-name": "Italian (Italy)", "native-name": "italiano (Italia)"}, "fr-sn": {"eng-name": "French (Senegal)", "native-name": "fran\u00e7ais (S\u00e9n\u00e9gal)"}, "mt-mt": {"eng-name": "Maltese (Malta)", "native-name": "Malti (Malta)"}, "gd-gb": {"eng-name": "Scottish Gaelic (United Kingdom)", "native-name": "G\u00e0idhlig (An R\u00ecoghachd Aonaichte)"}, "ar-ae": {"eng-name": "Arabic (U.A.E.)", "native-name": "\u0627\u0644\u0639\u0631\u0628\u064a\u0629 (\u0627\u0644\u0625\u0645\u0627\u0631\u0627\u062a \u0627\u0644\u0639\u0631\u0628\u064a\u0629 \u0627\u0644\u0645\u062a\u062d\u062f\u0629)"}, "et-ee": {"eng-name": "Estonian (Estonia)", "native-name": "eesti (Eesti)"}, "hr-ba": {"eng-name": "Croatian (Bosnia and Herzegovina)", "native-name": "hrvatski (Bosna i Hercegovina)"}, "bn-bd": {"eng-name": "Bangla (Bangladesh)", "native-name": "\u09ac\u09be\u0982\u09b2\u09be (\u09ac\u09be\u0982\u09b2\u09be\u09a6\u09c7\u09b6)"}, "fr-ml": {"eng-name": "French (Mali)", "native-name": "fran\u00e7ais (Mali)"}, "fr-mc": {"eng-name": "French (Principality of Monaco)", "native-name": "fran\u00e7ais (Principaut\u00e9 de Monaco)"}, "fr-ma": {"eng-name": "French (Morocco)", "native-name": "fran\u00e7ais (Maroc)"}, "ja-jp": {"eng-name": "Japanese (Japan)", "native-name": "\u65e5\u672c\u8a9e (\u65e5\u672c)"}, "vi-vn": {"eng-name": "Vietnamese (Vietnam)", "native-name": "Ti\u00ea\u0301ng Vi\u00ea\u0323t (Vi\u00ea\u0323t Nam)"}, "yi-001": {"eng-name": "Yiddish (World)", "native-name": "\u05d9\u05d9\u05b4\u05d3\u05d9\u05e9 (\u05d5\u05d5\u05e2\u05dc\u05d8)"}, "dsb-de": {"eng-name": "Lower Sorbian (Germany)", "native-name": "dolnoserb\u0161\u0107ina (Nimska)"}, "lt-lt": {"eng-name": "Lithuanian (Lithuania)", "native-name": "lietuvi\u0173 (Lietuva)"}, "ha-latn-ng": {"eng-name": "Hausa (Latin) (Nigeria)", "native-name": "Hausa (Najeriya)"}, "es-419": {"eng-name": "Spanish (Latin America)", "native-name": "espa\u00f1ol (Latinoam\u00e9rica)"}, "ar-qa": {"eng-name": "Arabic (Qatar)", "native-name": "\u0627\u0644\u0639\u0631\u0628\u064a\u0629 (\u0642\u0637\u0631)"}, "zh-hk": {"eng-name": "Chinese (Hong Kong S.A.R.)", "native-name": "\u4e2d\u6587(\u9999\u6e2f\u7279\u522b\u884c\u653f\u5340)"}, "hy-am": {"eng-name": "Armenian (Armenia)", "native-name": "\u0540\u0561\u0575\u0565\u0580\u0565\u0576 (\u0540\u0561\u0575\u0561\u057d\u057f\u0561\u0576)"}, "ml-in": {"eng-name": "Malayalam (India)", "native-name": "\u0d2e\u0d32\u0d2f\u0d3e\u0d33\u0d02 (\u0d2d\u0d3e\u0d30\u0d24\u0d02)"}, "ar-iq": {"eng-name": "Arabic (Iraq)", "native-name": "\u0627\u0644\u0639\u0631\u0628\u064a\u0629 (\u0627\u0644\u0639\u0631\u0627\u0642)"}, "de-ch": {"eng-name": "German (Switzerland)", "native-name": "Deutsch (Schweiz)"}, "af-za": {"eng-name": "Afrikaans (South Africa)", "native-name": "Afrikaans (Suid Afrika)"}, "es-bo": {"eng-name": "Spanish (Bolivia)", "native-name": "Espa\u00f1ol (Bolivia)"}, "om-et": {"eng-name": "Oromo (Ethiopia)", "native-name": "Oromoo (Itoophiyaa)"}, "es-sv": {"eng-name": "Spanish (El Salvador)", "native-name": "Espa\u00f1ol (El Salvador)"}, "bs-cyrl-ba": {"eng-name": "Bosnian (Cyrillic) (Bosnia and Herzegovina)", "native-name": "\u0431\u043e\u0441\u0430\u043d\u0441\u043a\u0438 (\u0411\u043e\u0441\u043d\u0430 \u0438 \u0425\u0435\u0440\u0446\u0435\u0433\u043e\u0432\u0438\u043d\u0430)"}, "ru-md": {"eng-name": "Russian (Moldova)", "native-name": "\u0440\u0443\u0441\u0441\u043a\u0438\u0439 (\u041c\u043e\u043b\u0434\u043e\u0432\u0430)"}, "ar-lb": {"eng-name": "Arabic (Lebanon)", "native-name": "\u0627\u0644\u0639\u0631\u0628\u064a\u0629 (\u0644\u0628\u0646\u0627\u0646)"}, "ru-ru": {"eng-name": "Russian (Russia)", "native-name": "\u0440\u0443\u0441\u0441\u043a\u0438\u0439 (\u0420\u043e\u0441\u0441\u0438\u044f)"}, "fr-be": {"eng-name": "French (Belgium)", "native-name": "fran\u00e7ais (Belgique)"}, "fil-ph": {"eng-name": "Filipino (Philippines)", "native-name": "Filipino (Pilipinas)"}, "es-gt": {"eng-name": "Spanish (Guatemala)", "native-name": "Espa\u00f1ol (Guatemala)"}, "it-ch": {"eng-name": "Italian (Switzerland)", "native-name": "italiano (Svizzera)"}, "ar-ly": {"eng-name": "Arabic (Libya)", "native-name": "\u0627\u0644\u0639\u0631\u0628\u064a\u0629 (\u0644\u064a\u0628\u064a\u0627)"}, "en-gb": {"eng-name": "English (United Kingdom)", "native-name": "English (United Kingdom)"}, "ar-tn": {"eng-name": "Arabic (Tunisia)", "native-name": "\u0627\u0644\u0639\u0631\u0628\u064a\u0629 (\u062a\u0648\u0646\u0633)"}, "ta-lk": {"eng-name": "Tamil (Sri Lanka)", "native-name": "\u0ba4\u0bae\u0bbf\u0bb4\u0bcd (\u0b87\u0bb2\u0b99\u0bcd\u0b95\u0bc8)"}, "es-pr": {"eng-name": "Spanish (Puerto Rico)", "native-name": "Espa\u00f1ol (Puerto Rico)"}, "lo-la": {"eng-name": "Lao (Laos)", "native-name": "\u0ea5\u0eb2\u0ea7 (\u0ea5\u0eb2\u0ea7)"}, "sah-ru": {"eng-name": "Sakha (Russia)", "native-name": "\u0421\u0430\u0445\u0430 (\u0420\u043e\u0441\u0441\u0438\u044f)"}, "es-py": {"eng-name": "Spanish (Paraguay)", "native-name": "Espa\u00f1ol (Paraguay)"}, "nl-nl": {"eng-name": "Dutch (Netherlands)", "native-name": "Nederlands (Nederland)"}, "es-pe": {"eng-name": "Spanish (Peru)", "native-name": "Espa\u00f1ol (Per\u00fa)"}, "es-pa": {"eng-name": "Spanish (Panama)", "native-name": "Espa\u00f1ol (Panam\u00e1)"}, "cy-gb": {"eng-name": "Welsh (United Kingdom)", "native-name": "Cymraeg (Y Deyrnas Unedig)"}, "ar-sa": {"eng-name": "Arabic (Saudi Arabia)", "native-name": "\u0627\u0644\u0639\u0631\u0628\u064a\u0629 (\u0627\u0644\u0645\u0645\u0644\u0643\u0629 \u0627\u0644\u0639\u0631\u0628\u064a\u0629 \u0627\u0644\u0633\u0639\u0648\u062f\u064a\u0629)"}, "dz-bt": {"eng-name": "Dzongkha (Bhutan)", "native-name": "\u0f62\u0fab\u0f7c\u0f44\u0f0b\u0f41 (\u0f60\u0f56\u0fb2\u0f74\u0f42)"}, "si-lk": {"eng-name": "Sinhala (Sri Lanka)", "native-name": "\u0dc3\u0dd2\u0d82\u0dc4\u0dbd (\u0dc1\u0dca\u200d\u0dbb\u0dd3 \u0dbd\u0d82\u0d9a\u0dcf\u0dc0)"}, "fr-ci": {"eng-name": "French (C\u00f4te d\u2019Ivoire)", "native-name": "fran\u00e7ais (C\u00f4te d\u2019Ivoire)"}, "fr-ch": {"eng-name": "French (Switzerland)", "native-name": "fran\u00e7ais (Suisse)"}, "fr-cm": {"eng-name": "French (Cameroon)", "native-name": "fran\u00e7ais (Cameroun)"}, "fr-ca": {"eng-name": "French (Canada)", "native-name": "fran\u00e7ais (Canada)"}, "fr-cd": {"eng-name": "French (Congo (DRC))", "native-name": "fran\u00e7ais (Congo, R\u00e9publique d\u00e9mocratique du)"}, "ca-es": {"eng-name": "Catalan (Catalan)", "native-name": "catal\u00e0 (catal\u00e0)"}, "fi-fi": {"eng-name": "Finnish (Finland)", "native-name": "suomi (Suomi)"}, "se-se": {"eng-name": "Sami (Northern) (Sweden)", "native-name": "davvis\u00e1megiella (Ruo\u0167\u0167a)"}, "ka-ge": {"eng-name": "Georgian (Georgia)", "native-name": "\u10e5\u10d0\u10e0\u10d7\u10e3\u10da\u10d8 (\u10e1\u10d0\u10e5\u10d0\u10e0\u10d7\u10d5\u10d4\u10da\u10dd)"}, "cs-cz": {"eng-name": "Czech (Czech Republic)", "native-name": "\u010de\u0161tina (\u010cesk\u00e1\u00a0republika)"}, "es-hn": {"eng-name": "Spanish (Honduras)", "native-name": "Espa\u00f1ol (Honduras)"}, "hsb-de": {"eng-name": "Upper Sorbian (Germany)", "native-name": "hornjoserb\u0161\u0107ina (N\u011bmska)"}, "mr-in": {"eng-name": "Marathi (India)", "native-name": "\u092e\u0930\u093e\u0920\u0940 (\u092d\u093e\u0930\u0924)"}, "ne-in": {"eng-name": "Nepali (India)", "native-name": "\u0928\u0947\u092a\u093e\u0932\u0940 (\u092d\u093e\u0930\u0924)"}, "fr-lu": {"eng-name": "French (Luxembourg)", "native-name": "fran\u00e7ais (Luxembourg)"}, "ar-om": {"eng-name": "Arabic (Oman)", "native-name": "\u0627\u0644\u0639\u0631\u0628\u064a\u0629 (\u0639\u0645\u0627\u0646)"}, "de-at": {"eng-name": "German (Austria)", "native-name": "Deutsch (\u00d6sterreich)"}, "zh-cn": {"eng-name": "Chinese (Peoples Republic of China)", "native-name": "\u4e2d\u6587(\u4e2d\u534e\u4eba\u6c11\u5171\u548c\u56fd)"}, "da-dk": {"eng-name": "Danish (Denmark)", "native-name": "dansk (Danmark)"}, "ar-bh": {"eng-name": "Arabic (Bahrain)", "native-name": "\u0627\u0644\u0639\u0631\u0628\u064a\u0629 (\u0627\u0644\u0628\u062d\u0631\u064a\u0646)"}, "de-li": {"eng-name": "German (Liechtenstein)", "native-name": "Deutsch (Liechtenstein)"}, "ar-sy": {"eng-name": "Arabic (Syria)", "native-name": "\u0627\u0644\u0639\u0631\u0628\u064a\u0629 (\u0633\u0648\u0631\u064a\u0627)"}, "en-jm": {"eng-name": "English (Jamaica)", "native-name": "English (Jamaica)"}, "en-us": {"eng-name": "English (United States)", "native-name": "English (United States)"}, "es-ec": {"eng-name": "Spanish (Ecuador)", "native-name": "Espa\u00f1ol (Ecuador)"}, "zu-za": {"eng-name": "isiZulu (South Africa)", "native-name": "isiZulu (i-South Africa)"}, "ko-kr": {"eng-name": "Korean (Korea)", "native-name": "\ud55c\uad6d\uc5b4 (\ub300\ud55c\ubbfc\uad6d)"}, "my-mm": {"eng-name": "Burmese (Myanmar)", "native-name": "\u1017\u1019\u102c (\u1019\u103c\u1014\u103a\u1019\u102c)"}, "hu-hu": {"eng-name": "Hungarian (Hungary)", "native-name": "magyar (Magyarorsz\u00e1g)"}, "sr-cyrl-rs": {"eng-name": "Serbian (Cyrillic) (Serbia)", "native-name": "\u0441\u0440\u043f\u0441\u043a\u0438 (\u0421\u0440\u0431\u0438\u0458\u0430)"}, "de-lu": {"eng-name": "German (Luxembourg)", "native-name": "Deutsch (Luxemburg)"}, "es-es": {"eng-name": "Spanish (Spain)", "native-name": "espa\u00f1ol (Espa\u00f1a)"}, "ar-dz": {"eng-name": "Arabic (Algeria)", "native-name": "\u0627\u0644\u0639\u0631\u0628\u064a\u0629 (\u0627\u0644\u062c\u0632\u0627\u0626\u0631)"}, "ur-in": {"eng-name": "Urdu (India)", "native-name": "\u0627\u0631\u062f\u0648 (\u0628\u06be\u0627\u0631\u062a)"}, "sr-cyrl-me": {"eng-name": "Serbian (Cyrillic) (Montenegro)", "native-name": "\u0441\u0440\u043f\u0441\u043a\u0438 (\u0426\u0440\u043d\u0430 \u0413\u043e\u0440\u0430)"}, "sk-sk": {"eng-name": "Slovak (Slovakia)", "native-name": "sloven\u010dina (Slovensk\u00e1 republika)"}, "zh-tw": {"eng-name": "Chinese (Taiwan)", "native-name": "\u4e2d\u6587(\u53f0\u7063)"}, "se-fi": {"eng-name": "Sami (Northern) (Finland)", "native-name": "davvis\u00e1megiella (Suopma)"}, "ti-er": {"eng-name": "Tigrinya (Eritrea)", "native-name": "\u1275\u130d\u122d\u129b (\u12a4\u122d\u1275\u122b)"}, "es-mx": {"eng-name": "Spanish (Mexico)", "native-name": "Espa\u00f1ol (M\u00e9xico)"}, "de-de": {"eng-name": "German (Germany)", "native-name": "Deutsch (Deutschland)"}, "es-ve": {"eng-name": "Spanish (Venezuela)", "native-name": "Espa\u00f1ol (Republica Bolivariana de Venezuela)"}, "uz-latn-uz": {"eng-name": "Uzbek (Latin, Uzbekistan)", "native-name": "Uzbek (Uzbekiston Respublikasi)"}, "ar-jo": {"eng-name": "Arabic (Jordan)", "native-name": "\u0627\u0644\u0639\u0631\u0628\u064a\u0629 (\u0627\u0644\u0623\u0631\u062f\u0646)"}, "he-il": {"eng-name": "Hebrew (Israel)", "native-name": "\u05e2\u05d1\u05e8\u05d9\u05ea (\u05d9\u05e9\u05e8\u05d0\u05dc)"}, "ar-ma": {"eng-name": "Arabic (Morocco)", "native-name": "\u0627\u0644\u0639\u0631\u0628\u064a\u0629 (\u0627\u0644\u0645\u0645\u0644\u0643\u0629 \u0627\u0644\u0645\u063a\u0631\u0628\u064a\u0629)"}, "se-no": {"eng-name": "Northern Sami (Norway)", "native-name": "davvis\u00e1megiella (Norga)"}, "gu-in": {"eng-name": "Gujarati (India)", "native-name": "\u0a97\u0ac1\u0a9c\u0ab0\u0abe\u0aa4\u0ac0 (\u0aad\u0abe\u0ab0\u0aa4)"}, "fa-ir": {"eng-name": "Persian (Iran)", "native-name": "\u0641\u0627\u0631\u0633\u0649 (\u0627\u064a\u0631\u0627\u0646)"}, "en-my": {"eng-name": "English (Malaysia)", "native-name": "English (Malaysia)"}, "pa-arab-pk": {"eng-name": "Punjabi (Pakistan)", "native-name": "\u067e\u0646\u062c\u0627\u0628\u06cc (\u067e\u0627\u06a9\u0633\u062a\u0627\u0646)"}, "en-tt": {"eng-name": "English (Trinidad and Tobago)", "native-name": "English (Trinidad y Tobago)"}, "kok-in": {"eng-name": "Konkani (India)", "native-name": "\u0915\u094b\u0902\u0915\u0923\u0940 (\u092d\u093e\u0930\u0924)"}, "is-is": {"eng-name": "Icelandic (Iceland)", "native-name": "\u00edslenska (\u00cdsland)"}, "th-th": {"eng-name": "Thai (Thailand)", "native-name": "\u0e44\u0e17\u0e22 (\u0e44\u0e17\u0e22)"}, "lv-lv": {"eng-name": "Latvian (Latvia)", "native-name": "latvie\u0161u (Latvija)"}, "ar-eg": {"eng-name": "Arabic (Egypt)", "native-name": "\u0627\u0644\u0639\u0631\u0628\u064a\u0629 (\u0645\u0635\u0631)"}, "am-et": {"eng-name": "Amharic (Ethiopia)", "native-name": "\u12a0\u121b\u122d\u129b (\u12a2\u1275\u12ee\u1335\u12eb)"}, "kl-gl": {"eng-name": "Greenlandic (Greenland)", "native-name": "kalaallisut (Kalaallit Nunaat)"}, "es-ni": {"eng-name": "Spanish (Nicaragua)", "native-name": "Espa\u00f1ol (Nicaragua)"}, "pt-pt": {"eng-name": "Portuguese (Portugal)", "native-name": "portugu\u00eas (Portugal)"}, "ti-et": {"eng-name": "Tigrinya (Ethiopia)", "native-name": "\u1275\u130d\u122d\u129b (\u12a2\u1275\u12ee\u1335\u12eb)"}, "nn-no": {"eng-name": "Norwegian, Nynorsk (Norway)", "native-name": "norsk, nynorsk (Noreg)"}, "sr-cyrl-ba": {"eng-name": "Serbian (Cyrillic) (Bosnia and Herzegovina)", "native-name": "\u0441\u0440\u043f\u0441\u043a\u0438 (\u0411\u043e\u0441\u043d\u0430 \u0438 \u0425\u0435\u0440\u0446\u0435\u0433\u043e\u0432\u0438\u043d\u0430)"}, "so-so": {"eng-name": "Somali (Somalia)", "native-name": "Soomaali (Soomaaliya)"}, "ur-pk": {"eng-name": "Urdu (Islamic Republic of Pakistan)", "native-name": "\u0627\u064f\u0631\u062f\u0648 (\u067e\u0627\u06a9\u0633\u062a\u0627\u0646)"}, "fo-fo": {"eng-name": "Faroese (Faroe Islands)", "native-name": "f\u00f8royskt (F\u00f8royar)"}, "gl-es": {"eng-name": "Galician (Galician)", "native-name": "galego (galego)"}, "tr-tr": {"eng-name": "Turkish (Turkey)", "native-name": "T\u00fcrk\u00e7e (T\u00fcrkiye)"}, "gsw-fr": {"eng-name": "Alsatian (France)", "native-name": "Els\u00e4ssisch (Fr\u00e0nkrisch)"}, "smn-fi": {"eng-name": "Sami (Inari) (Finland)", "native-name": "anar\u00e2\u0161kiel\u00e2 (Suom\u00e2)"}, "sv-fi": {"eng-name": "Swedish (Finland)", "native-name": "svenska (Finland)"}, "fr-re": {"eng-name": "French (R\u00e9union)", "native-name": "fran\u00e7ais (La R\u00e9union)"}, "yo-ng": {"eng-name": "Yoruba (Nigeria)", "native-name": "\u00c8d\u00e8 Yor\u00f9b\u00e1 (Or\u00edl\u1eb9\u0301\u00e8de N\u00e0\u00ecj\u00edr\u00ed\u00e0)"}, "en-hk": {"eng-name": "English (Hong Kong SAR)", "native-name": "English (Hong Kong SAR)"}, "ar-ye": {"eng-name": "Arabic (Yemen)", "native-name": "\u0627\u0644\u0639\u0631\u0628\u064a\u0629 (\u0627\u0644\u064a\u0645\u0646)"}, "uz-cyrl-uz": {"eng-name": "Uzbek (Cyrillic, Uzbekistan)", "native-name": "\u040e\u0437\u0431\u0435\u043a (\u040e\u0437\u0431\u0435\u043a\u0438\u0441\u0442\u043e\u043d)"}, "haw-us": {"eng-name": "Hawaiian (United States)", "native-name": "\u02bb\u014clelo Hawai\u02bbi (\u02bbAmelika Hui P\u016b \u02bbIa)"}, "as-in": {"eng-name": "Assamese (India)", "native-name": "\u0985\u09b8\u09ae\u09c0\u09df\u09be (\u09ad\u09be\u09f0\u09a4)"}, "fr-fr": {"eng-name": "French (France)", "native-name": "fran\u00e7ais (France)"}, "ig-ng": {"eng-name": "Igbo (Nigeria)", "native-name": "Igbo (Nigeria)"}, "te-in": {"eng-name": "Telugu (India)", "native-name": "\u0c24\u0c46\u0c32\u0c41\u0c17\u0c41 (\u0c2d\u0c3e\u0c30\u0c24\u00a0\u0c26\u0c47\u0c36\u0c02)"}, "nl-be": {"eng-name": "Dutch (Belgium)", "native-name": "Nederlands (Belgi\u00eb)"}, "ne-np": {"eng-name": "Nepali (Nepal)", "native-name": "\u0928\u0947\u092a\u093e\u0932\u0940 (\u0928\u0947\u092a\u093e\u0932)"}, "or-in": {"eng-name": "Odia (India)", "native-name": "\u0b13\u0b5c\u0b3f\u0b06 (\u0b2d\u0b3e\u0b30\u0b24)"}, "lb-lu": {"eng-name": "Luxembourgish (Luxembourg)", "native-name": "L\u00ebtzebuergesch (L\u00ebtzebuerg)"}, "es-cu": {"eng-name": "Spanish (Cuba)", "native-name": "espa\u00f1ol (Cuba)"}, "mk-mk": {"eng-name": "Macedonian (Former Yugoslav Republic of Macedonia)", "native-name": "\u043c\u0430\u043a\u0435\u0434\u043e\u043d\u0441\u043a\u0438 \u0458\u0430\u0437\u0438\u043a (\u041c\u0430\u043a\u0435\u0434\u043e\u043d\u0438\u0458\u0430)"}, "ga-ie": {"eng-name": "Irish (Ireland)", "native-name": "Gaeilge (\u00c9ire)"}, "es-cr": {"eng-name": "Spanish (Costa Rica)", "native-name": "Espa\u00f1ol (Costa Rica)"}, "kn-in": {"eng-name": "Kannada (India)", "native-name": "\u0c95\u0ca8\u0ccd\u0ca8\u0ca1 (\u0cad\u0cbe\u0cb0\u0ca4)"}, "es-cl": {"eng-name": "Spanish (Chile)", "native-name": "Espa\u00f1ol (Chile)"}, "es-co": {"eng-name": "Spanish (Colombia)", "native-name": "Espa\u00f1ol (Colombia)"}, "ta-in": {"eng-name": "Tamil (India)", "native-name": "\u0ba4\u0bae\u0bbf\u0bb4\u0bcd (\u0b87\u0ba8\u0bcd\u0ba4\u0bbf\u0baf\u0bbe)"}, "ii-cn": {"eng-name": "Yi (China)", "native-name": "\ua188\ua320\ua071\ua0b7 (\ua34f\ua278\ua3d3\ua0b1\ua1ed\ua27c\ua1e9)"}, "es-do": {"eng-name": "Spanish (Dominican Republic)", "native-name": "Espa\u00f1ol (Rep\u00fablica Dominicana)"}, "rm-ch": {"eng-name": "Romansh (Switzerland)", "native-name": "rumantsch (Svizra)"}, "id-id": {"eng-name": "Indonesian (Indonesia)", "native-name": "Bahasa Indonesia (Indonesia)"}, "en-sg": {"eng-name": "English (Singapore)", "native-name": "English (Singapore)"}, "az-latn-az": {"eng-name": "Azeri (Latin, Azerbaijan)", "native-name": "Az\u0259rbaycan\u00ad\u0131l\u0131 (Az\u0259rbaycanca)"}, "eu-es": {"eng-name": "Basque (Basque)", "native-name": "euskara (euskara)"}, "sr-latn-rs": {"eng-name": "Serbian (Latin) (Serbia)", "native-name": "srpski (Srbija)"}, "be-by": {"eng-name": "Belarusian (Belarus)", "native-name": "\u0411\u0435\u043b\u0430\u0440\u0443\u0441\u043a\u0456 (\u0411\u0435\u043b\u0430\u0440\u0443\u0441\u044c)"}, "nb-no": {"eng-name": "Norwegian, Bokm\u00e5l (Norway)", "native-name": "norsk, bokm\u00e5l (Norge)"}, "bg-bg": {"eng-name": "Bulgarian (Bulgaria)", "native-name": "\u0431\u044a\u043b\u0433\u0430\u0440\u0441\u043a\u0438 (\u0411\u044a\u043b\u0433\u0430\u0440\u0438\u044f)"}, "km-kh": {"eng-name": "Khmer (Cambodia)", "native-name": "\u1797\u17b6\u179f\u17b6\u1781\u17d2\u1798\u17c2\u179a (\u1780\u1798\u17d2\u1796\u17bb\u1787\u17b6)"}, "en-ca": {"eng-name": "English (Canada)", "native-name": "English (Canada)"}, "ar-kw": {"eng-name": "Arabic (Kuwait)", "native-name": "\u0627\u0644\u0639\u0631\u0628\u064a\u0629 (\u0627\u0644\u0643\u0648\u064a\u062a)"}, "en-zw": {"eng-name": "English (Zimbabwe)", "native-name": "English (Zimbabwe)"}, "hr-hr": {"eng-name": "Croatian (Croatia)", "native-name": "hrvatski (Hrvatska)"}, "es-uy": {"eng-name": "Spanish (Uruguay)", "native-name": "Espa\u00f1ol (Uruguay)"}, "bs-latn-ba": {"eng-name": "Bosnian (Latin) (Bosnia and Herzegovina)", "native-name": "bosanski (Bosna i Hercegovina)"}, "bo-cn": {"eng-name": "Tibetan (China)", "native-name": "\u0f56\u0f7c\u0f51\u0f0b\u0f61\u0f72\u0f42 (\u0f40\u0fb2\u0f74\u0f44\u0f0b\u0f67\u0fad\u0f0b\u0f58\u0f72\u0f0b\u0f51\u0f58\u0f44\u0f66\u0f0b\u0f66\u0fa4\u0fb1\u0f72\u0f0b\u0f58\u0f50\u0f74\u0f53\u0f0b\u0f62\u0f92\u0fb1\u0f63\u0f0b\u0f41\u0f56\u0f0d)"}, "az-cyrl-az": {"eng-name": "Azeri (Cyrillic, Azerbaijan)", "native-name": "\u0410\u0437\u04d9\u0440\u0431\u0430\u0458\u04b9\u0430\u043d (\u0410\u0437\u04d9\u0440\u0431\u0430\u0458\u04b9\u0430\u043d)"}, "es-us": {"eng-name": "Spanish (United States)", "native-name": "espa\u00f1ol (Estados Unidos)"}, "el-gr": {"eng-name": "Greek (Greece)", "native-name": "\u03b5\u03bb\u03bb\u03b7\u03bd\u03b9\u03ba\u03ac (\u0395\u03bb\u03bb\u03ac\u03b4\u03b1)"}, "en-za": {"eng-name": "English (South Africa)", "native-name": "English (South Africa)"}, "rw-rw": {"eng-name": "Kinyarwanda (Rwanda)", "native-name": "Kinyarwanda (Rwanda)"}, "fr-ht": {"eng-name": "French (Haiti)", "native-name": "fran\u00e7ais (Ha\u00efti)"}}}